{"type": "Collection Version", "uuid": "25411", "id": "0.1", "short_code": "lime-demo", "name": "lime-demo", "full_name": "LIME Demo", "description": "Initial consultation concepts", "collection_type": "Dictionary", "custom_validation_schema": "OpenMRS", "public_access": "View", "default_locale": "en", "supported_locales": ["fr"], "website": null, "url": "/orgs/MSFOCG/collections/lime-demo/", "owner": "MSFOCG", "owner_type": "Organization", "owner_url": "/orgs/MSFOCG/", "version_url": "/orgs/MSFOCG/collections/lime-demo/0.1/", "previous_version_url": "/orgs/MSFOCG/collections/lime-demo/", "created_on": "2023-04-24T23:02:47.274866Z", "updated_on": "2023-04-24T23:02:47.494573Z", "created_by": "michaelbontyes", "updated_by": "michaelbontyes", "extras": {}, "external_id": null, "version": "0.1", "concepts_url": "/orgs/MSFOCG/collections/lime-demo/0.1/concepts/", "mappings_url": "/orgs/MSFOCG/collections/lime-demo/0.1/mappings/", "expansions_url": "/orgs/MSFOCG/collections/lime-demo/0.1/expansions/", "is_processing": true, "released": true, "retired": false, "canonical_url": null, "identifier": {}, "publisher": "MSF OCG", "contact": "michael.bontyes@geneva.msf.org", "jurisdiction": {}, "purpose": null, "copyright": null, "meta": null, "immutable": null, "revision_date": null, "text": null, "experimental": true, "locked_date": null, "autoexpand": true, "expansion_url": "/orgs/MSFOCG/collections/lime-demo/0.1/expansions/autoexpand-0.1/", "collection": {"id": "lime-demo", "url": "/orgs/MSFOCG/collections/lime-demo/", "meta": null, "name": "lime-demo", "text": null, "type": "Collection", "uuid": "25208", "owner": "MSFOCG", "extras": {}, "contact": "michael.bontyes@geneva.msf.org", "purpose": null, "version": "HEAD", "website": null, "logo_url": null, "copyright": null, "full_name": "LIME Demo", "immutable": null, "owner_url": "/orgs/MSFOCG/", "publisher": "MSF OCG", "created_by": "michaelbontyes", "created_on": "2023-04-11T17:13:18.621680Z", "identifier": {}, "owner_type": "Organization", "short_code": "lime-demo", "updated_by": "michaelbontyes", "updated_on": "2023-04-24T23:00:54.974137Z", "description": null, "external_id": null, "locked_date": null, "concepts_url": "/orgs/MSFOCG/collections/lime-demo/concepts/", "experimental": true, "jurisdiction": {}, "mappings_url": "/orgs/MSFOCG/collections/lime-demo/mappings/", "versions_url": "/orgs/MSFOCG/collections/lime-demo/versions/", "canonical_url": null, "expansion_url": "/orgs/MSFOCG/collections/lime-demo/HEAD/expansions/autoexpand-HEAD/", "public_access": "View", "revision_date": null, "default_locale": "en", "expansions_url": "/orgs/MSFOCG/collections/lime-demo/expansions/", "autoexpand_head": true, "collection_type": "Dictionary", "preferred_source": "", "supported_locales": ["en", "fr"], "custom_validation_schema": "OpenMRS", "custom_resources_linked_source": ""}, "concepts": [{"type": "Concept", "uuid": "3043620", "id": "1869", "external_id": "1869AAAAAAAAAAAAAAAAAAAAAAAAAAAAAAAA", "concept_class": "Question", "datatype": "Numeric", "display_name": "Sign/symptoms onset (quantitative)", "display_locale": "en", "names": [{"uuid": "5322203", "name": "Sign/symptoms onset (quantitative)", "external_id": "53995BBBBBBBBBBBBBBBBBBBBBBBBBBBBBBB", "type": "ConceptName", "locale": "en", "locale_preferred": true, "name_type": "FULLY_SPECIFIED"}, {"uuid": "5322204", "name": "D\u00c9BUT DES SYMPT\u00d4MES/SIGNES (quant)", "external_id": "106151BBBBBBBBBBBBBBBBBBBBBBBBBBBBBB", "type": "ConceptName", "locale": "fr", "locale_preferred": true, "name_type": "FULLY_SPECIFIED"}], "descriptions": [{"uuid": "387664", "description": "Numeric measure of time of onset of symptom from beginning of illness or other mark of time.", "external_id": "15912FFFFFFFFFFFFFFFFFFFFFFFFFFFFFFF", "type": "ConceptDescription", "locale": "en", "locale_preferred": false, "description_type": null}], "extras": {"units": "", "allow_decimal": false}, "retired": false, "source": "CIEL", "source_url": "/orgs/CIEL/sources/CIEL/", "owner": "CIEL", "owner_name": "CIEL", "owner_url": "/orgs/CIEL/", "version": "3043620", "created_on": "2023-04-05T01:58:09.763068Z", "updated_on": "2023-04-05T01:58:09.765311Z", "version_created_on": "2023-04-05T01:58:09.763068Z", "version_created_by": "ocladmin", "update_comment": null, "is_latest_version": true, "locale": null, "url": "/orgs/CIEL/sources/CIEL/concepts/1869/", "owner_type": "Organization", "version_url": "/orgs/CIEL/sources/CIEL/concepts/1869/3043620/", "previous_version_url": "/orgs/CIEL/sources/CIEL/concepts/1869/2934815/", "parent_concept_urls": [], "child_concept_urls": []}, {"type": "Concept", "uuid": "3041296", "id": "166852", "external_id": "166852AAAAAAAAAAAAAAAAAAAAAAAAAAAAAA", "concept_class": "Question", "datatype": "Coded", "display_name": "Site of pain", "display_locale": "en", "names": [{"uuid": "5310073", "name": "Site de la douleur", "external_id": "146534BBBBBBBBBBBBBBBBBBBBBBBBBBBBBB", "type": "ConceptName", "locale": "fr", "locale_preferred": true, "name_type": "FULLY_SPECIFIED"}, {"uuid": "5310074", "name": "Site of pain", "external_id": "146535BBBBBBBBBBBBBBBBBBBBBBBBBBBBBB", "type": "ConceptName", "locale": "en", "locale_preferred": true, "name_type": "FULLY_SPECIFIED"}, {"uuid": "5310075", "name": "Pain site", "external_id": "146536BBBBBBBBBBBBBBBBBBBBBBBBBBBBBB", "type": "ConceptName", "locale": "en", "locale_preferred": false, "name_type": null}], "descriptions": [], "extras": {}, "retired": false, "source": "CIEL", "source_url": "/orgs/CIEL/sources/CIEL/", "owner": "CIEL", "owner_name": "CIEL", "owner_url": "/orgs/CIEL/", "version": "3041296", "created_on": "2023-04-05T01:54:14.935990Z", "updated_on": "2023-04-05T01:54:14.937676Z", "version_created_on": "2023-04-05T01:54:14.935990Z", "version_created_by": "ocladmin", "update_comment": null, "is_latest_version": true, "locale": null, "url": "/orgs/CIEL/sources/CIEL/concepts/166852/", "owner_type": "Organization", "version_url": "/orgs/CIEL/sources/CIEL/concepts/166852/3041296/", "previous_version_url": "/orgs/CIEL/sources/CIEL/concepts/166852/2931531/", "parent_concept_urls": [], "child_concept_urls": []}, {"type": "Concept", "uuid": "3034943", "id": "162869", "external_id": "162869AAAAAAAAAAAAAAAAAAAAAAAAAAAAAA", "concept_class": "Question", "datatype": "Datetime", "display_name": "Date/time recorded", "display_locale": "en", "names": [{"uuid": "5273692", "name": "Date/time recorded", "external_id": "126975BBBBBBBBBBBBBBBBBBBBBBBBBBBBBB", "type": "ConceptName", "locale": "en", "locale_preferred": true, "name_type": "FULLY_SPECIFIED"}, {"uuid": "5273693", "name": "Date / heure enregistr\u00e9e", "external_id": "136902BBBBBBBBBBBBBBBBBBBBBBBBBBBBBB", "type": "ConceptName", "locale": "fr", "locale_preferred": true, "name_type": "FULLY_SPECIFIED"}, {"uuid": "5273694", "name": "Dat / l\u00e8 yo te anrejistre", "external_id": "136903BBBBBBBBBBBBBBBBBBBBBBBBBBBBBB", "type": "ConceptName", "locale": "ht", "locale_preferred": true, "name_type": "FULLY_SPECIFIED"}], "descriptions": [{"uuid": "382543", "description": "The date and time a particular event or date element was recorded.", "external_id": "17431FFFFFFFFFFFFFFFFFFFFFFFFFFFFFFF", "type": "ConceptDescription", "locale": "en", "locale_preferred": false, "description_type": null}], "extras": {}, "retired": false, "source": "CIEL", "source_url": "/orgs/CIEL/sources/CIEL/", "owner": "CIEL", "owner_name": "CIEL", "owner_url": "/orgs/CIEL/", "version": "3034943", "created_on": "2023-04-05T01:42:52.863186Z", "updated_on": "2023-04-05T01:42:52.865171Z", "version_created_on": "2023-04-05T01:42:52.863186Z", "version_created_by": "ocladmin", "update_comment": null, "is_latest_version": true, "locale": null, "url": "/orgs/CIEL/sources/CIEL/concepts/162869/", "owner_type": "Organization", "version_url": "/orgs/CIEL/sources/CIEL/concepts/162869/3034943/", "previous_version_url": "/orgs/CIEL/sources/CIEL/concepts/162869/2921989/", "parent_concept_urls": [], "child_concept_urls": []}, {"type": "Concept", "uuid": "3033689", "id": "162084", "external_id": "162084AAAAAAAAAAAAAAAAAAAAAAAAAAAAAA", "concept_class": "Question", "datatype": "Coded", "display_name": "Test context status", "display_locale": "en", "names": [{"uuid": "5266540", "name": "Test context status", "external_id": "124826BBBBBBBBBBBBBBBBBBBBBBBBBBBBBB", "type": "ConceptName", "locale": "en", "locale_preferred": true, "name_type": "FULLY_SPECIFIED"}], "descriptions": [{"uuid": "381630", "description": "Question providing contextual status of a test such as initial, repeat, confirmation, etc.", "external_id": "17159FFFFFFFFFFFFFFFFFFFFFFFFFFFFFFF", "type": "ConceptDescription", "locale": "en", "locale_preferred": false, "description_type": null}], "extras": {}, "retired": false, "source": "CIEL", "source_url": "/orgs/CIEL/sources/CIEL/", "owner": "CIEL", "owner_name": "CIEL", "owner_url": "/orgs/CIEL/", "version": "3033689", "created_on": "2023-04-05T01:40:40.576409Z", "updated_on": "2023-04-05T01:40:40.578270Z", "version_created_on": "2023-04-05T01:40:40.576409Z", "version_created_by": "ocladmin", "update_comment": null, "is_latest_version": true, "locale": null, "url": "/orgs/CIEL/sources/CIEL/concepts/162084/", "owner_type": "Organization", "version_url": "/orgs/CIEL/sources/CIEL/concepts/162084/3033689/", "previous_version_url": "/orgs/CIEL/sources/CIEL/concepts/162084/2920128/", "parent_concept_urls": [], "child_concept_urls": []}, {"type": "Concept", "uuid": "3033687", "id": "162083", "external_id": "162083AAAAAAAAAAAAAAAAAAAAAAAAAAAAAA", "concept_class": "Misc", "datatype": "N/A", "display_name": "Final test (end of pediatric window)", "display_locale": "en", "names": [{"uuid": "5266535", "name": "Final test (end of pediatric window)", "external_id": "124825BBBBBBBBBBBBBBBBBBBBBBBBBBBBBB", "type": "ConceptName", "locale": "en", "locale_preferred": true, "name_type": "FULLY_SPECIFIED"}], "descriptions": [{"uuid": "381628", "description": "Test performed at the end of the pediatric window where maternal antibodies no longer present", "external_id": "17158FFFFFFFFFFFFFFFFFFFFFFFFFFFFFFF", "type": "ConceptDescription", "locale": "en", "locale_preferred": false, "description_type": null}], "extras": {}, "retired": false, "source": "CIEL", "source_url": "/orgs/CIEL/sources/CIEL/", "owner": "CIEL", "owner_name": "CIEL", "owner_url": "/orgs/CIEL/", "version": "3033687", "created_on": "2023-04-05T01:40:40.461040Z", "updated_on": "2023-04-05T01:40:40.463662Z", "version_created_on": "2023-04-05T01:40:40.461040Z", "version_created_by": "ocladmin", "update_comment": null, "is_latest_version": true, "locale": null, "url": "/orgs/CIEL/sources/CIEL/concepts/162083/", "owner_type": "Organization", "version_url": "/orgs/CIEL/sources/CIEL/concepts/162083/3033687/", "previous_version_url": "/orgs/CIEL/sources/CIEL/concepts/162083/2920126/", "parent_concept_urls": [], "child_concept_urls": []}, {"type": "Concept", "uuid": "3033686", "id": "162082", "external_id": "162082AAAAAAAAAAAAAAAAAAAAAAAAAAAAAA", "concept_class": "Misc", "datatype": "N/A", "display_name": "Confirmation", "display_locale": "en", "names": [{"uuid": "5266526", "name": "Confirmation", "external_id": "124824BBBBBBBBBBBBBBBBBBBBBBBBBBBBBB", "type": "ConceptName", "locale": "en", "locale_preferred": true, "name_type": "FULLY_SPECIFIED"}, {"uuid": "5266527", "name": "X\u00e1c nh\u1eadn", "external_id": "127564BBBBBBBBBBBBBBBBBBBBBBBBBBBBBB", "type": "ConceptName", "locale": "vi", "locale_preferred": true, "name_type": "FULLY_SPECIFIED"}, {"uuid": "5266528", "name": "Confirmaci\u00f3n de", "external_id": "3c28fa4f-9e80-4a4b-b226-df89b06fb545", "type": "ConceptName", "locale": "es", "locale_preferred": false, "name_type": null}], "descriptions": [{"uuid": "381625", "description": "Reason for procedure or test, to confirm diagnosis or result.", "external_id": "17157FFFFFFFFFFFFFFFFFFFFFFFFFFFFFFF", "type": "ConceptDescription", "locale": "en", "locale_preferred": false, "description_type": null}], "extras": {}, "retired": false, "source": "CIEL", "source_url": "/orgs/CIEL/sources/CIEL/", "owner": "CIEL", "owner_name": "CIEL", "owner_url": "/orgs/CIEL/", "version": "3033686", "created_on": "2023-04-05T01:40:40.342636Z", "updated_on": "2023-04-05T01:40:40.344446Z", "version_created_on": "2023-04-05T01:40:40.342636Z", "version_created_by": "ocladmin", "update_comment": null, "is_latest_version": true, "locale": null, "url": "/orgs/CIEL/sources/CIEL/concepts/162082/", "owner_type": "Organization", "version_url": "/orgs/CIEL/sources/CIEL/concepts/162082/3033686/", "previous_version_url": "/orgs/CIEL/sources/CIEL/concepts/162082/2920124/", "parent_concept_urls": [], "child_concept_urls": []}, {"type": "Concept", "uuid": "3033685", "id": "162081", "external_id": "162081AAAAAAAAAAAAAAAAAAAAAAAAAAAAAA", "concept_class": "Misc", "datatype": "N/A", "display_name": "Repeat", "display_locale": "en", "names": [{"uuid": "5266515", "name": "Repeat", "external_id": "124823BBBBBBBBBBBBBBBBBBBBBBBBBBBBBB", "type": "ConceptName", "locale": "en", "locale_preferred": true, "name_type": "FULLY_SPECIFIED"}, {"uuid": "5266516", "name": "Repetir", "external_id": "c202355d-84b2-451d-bead-5ce1c4d06ccb", "type": "ConceptName", "locale": "es", "locale_preferred": false, "name_type": null}, {"uuid": "5266518", "name": "Repetido", "external_id": "24fa3d81-6fc9-4d88-9238-d448774318b2", "type": "ConceptName", "locale": "es", "locale_preferred": false, "name_type": null}, {"uuid": "5266519", "name": "Repetici\u00f3n de", "external_id": "9afb6955-f6d2-4f40-a45b-d05c7b9f50a6", "type": "ConceptName", "locale": "es", "locale_preferred": false, "name_type": null}], "descriptions": [{"uuid": "381622", "description": "Qualifier value.", "external_id": "17156FFFFFFFFFFFFFFFFFFFFFFFFFFFFFFF", "type": "ConceptDescription", "locale": "en", "locale_preferred": false, "description_type": null}], "extras": {}, "retired": false, "source": "CIEL", "source_url": "/orgs/CIEL/sources/CIEL/", "owner": "CIEL", "owner_name": "CIEL", "owner_url": "/orgs/CIEL/", "version": "3033685", "created_on": "2023-04-05T01:40:40.226916Z", "updated_on": "2023-04-05T01:40:40.228462Z", "version_created_on": "2023-04-05T01:40:40.226916Z", "version_created_by": "ocladmin", "update_comment": null, "is_latest_version": true, "locale": null, "url": "/orgs/CIEL/sources/CIEL/concepts/162081/", "owner_type": "Organization", "version_url": "/orgs/CIEL/sources/CIEL/concepts/162081/3033685/", "previous_version_url": "/orgs/CIEL/sources/CIEL/concepts/162081/2920121/", "parent_concept_urls": [], "child_concept_urls": []}, {"type": "Concept", "uuid": "3033683", "id": "162080", "external_id": "162080AAAAAAAAAAAAAAAAAAAAAAAAAAAAAA", "concept_class": "Misc", "datatype": "N/A", "display_name": "Initial", "display_locale": "en", "names": [{"uuid": "5266513", "name": "Initial", "external_id": "124822BBBBBBBBBBBBBBBBBBBBBBBBBBBBBB", "type": "ConceptName", "locale": "en", "locale_preferred": true, "name_type": "FULLY_SPECIFIED"}], "descriptions": [{"uuid": "381620", "description": "First in an ordered list", "external_id": "17155FFFFFFFFFFFFFFFFFFFFFFFFFFFFFFF", "type": "ConceptDescription", "locale": "en", "locale_preferred": false, "description_type": null}], "extras": {}, "retired": false, "source": "CIEL", "source_url": "/orgs/CIEL/sources/CIEL/", "owner": "CIEL", "owner_name": "CIEL", "owner_url": "/orgs/CIEL/", "version": "3033683", "created_on": "2023-04-05T01:40:40.067201Z", "updated_on": "2023-04-05T01:40:40.071897Z", "version_created_on": "2023-04-05T01:40:40.067201Z", "version_created_by": "ocladmin", "update_comment": null, "is_latest_version": true, "locale": null, "url": "/orgs/CIEL/sources/CIEL/concepts/162080/", "owner_type": "Organization", "version_url": "/orgs/CIEL/sources/CIEL/concepts/162080/3033683/", "previous_version_url": "/orgs/CIEL/sources/CIEL/concepts/162080/2920119/", "parent_concept_urls": [], "child_concept_urls": []}, {"type": "Concept", "uuid": "3017356", "id": "110598", "external_id": "110598AAAAAAAAAAAAAAAAAAAAAAAAAAAAAA", "concept_class": "Diagnosis", "datatype": "N/A", "display_name": "Acute pain", "display_locale": "en", "names": [{"uuid": "5177709", "name": "Acute pain", "external_id": "11322BBBBBBBBBBBBBBBBBBBBBBBBBBBBBBB", "type": "ConceptName", "locale": "en", "locale_preferred": true, "name_type": "FULLY_SPECIFIED"}, {"uuid": "5177710", "name": "dolor agudo", "external_id": "54065BBBBBBBBBBBBBBBBBBBBBBBBBBBBBBB", "type": "ConceptName", "locale": "es", "locale_preferred": true, "name_type": "FULLY_SPECIFIED"}, {"uuid": "5177711", "name": "Acute pijn", "external_id": "122216BBBBBBBBBBBBBBBBBBBBBBBBBBBBBB", "type": "ConceptName", "locale": "nl", "locale_preferred": true, "name_type": "FULLY_SPECIFIED"}, {"uuid": "5177712", "name": "\u041e\u0441\u0442\u0440\u0430\u044f \u0431\u043e\u043b\u044c", "external_id": "133724BBBBBBBBBBBBBBBBBBBBBBBBBBBBBB", "type": "ConceptName", "locale": "ru", "locale_preferred": true, "name_type": "FULLY_SPECIFIED"}], "descriptions": [], "extras": {}, "retired": false, "source": "CIEL", "source_url": "/orgs/CIEL/sources/CIEL/", "owner": "CIEL", "owner_name": "CIEL", "owner_url": "/orgs/CIEL/", "version": "3017356", "created_on": "2023-04-05T01:11:00.163582Z", "updated_on": "2023-04-05T01:11:00.169306Z", "version_created_on": "2023-04-05T01:11:00.163582Z", "version_created_by": "ocladmin", "update_comment": null, "is_latest_version": true, "locale": null, "url": "/orgs/CIEL/sources/CIEL/concepts/110598/", "owner_type": "Organization", "version_url": "/orgs/CIEL/sources/CIEL/concepts/110598/3017356/", "previous_version_url": "/orgs/CIEL/sources/CIEL/concepts/110598/2890564/", "parent_concept_urls": [], "child_concept_urls": []}], "references": [{"expression": "/orgs/CIEL/sources/CIEL/concepts/166852/3041296/", "reference_type": "concepts", "id": 2046790, "last_resolved_at": "2023-04-24T23:02:47.439188Z", "uri": "/orgs/MSFOCG/collections/lime-demo/0.1/references/2046790/", "uuid": "2046790", "include": true, "type": "CollectionReference"}, {"expression": "/orgs/CIEL/sources/CIEL/concepts/1869/3043620/", "reference_type": "concepts", "id": 2046789, "last_resolved_at": "2023-04-24T23:02:47.413785Z", "uri": "/orgs/MSFOCG/collections/lime-demo/0.1/references/2046789/", "uuid": "2046789", "include": true, "type": "CollectionReference"}, {"expression": "/orgs/CIEL/sources/CIEL/concepts/110598/3017356/", "reference_type": "concepts", "id": 2046788, "last_resolved_at": "2023-04-24T23:02:47.374702Z", "uri": "/orgs/MSFOCG/collections/lime-demo/0.1/references/2046788/", "uuid": "2046788", "include": true, "type": "CollectionReference"}, {"expression": "/orgs/CIEL/sources/CIEL/concepts/162084/", "reference_type": "concepts", "id": 2046787, "last_resolved_at": "2023-04-24T23:02:47.342906Z", "uri": "/orgs/MSFOCG/collections/lime-demo/0.1/references/2046787/", "uuid": "2046787", "include": true, "type": "CollectionReference"}, {"expression": "/orgs/CIEL/sources/CIEL/concepts/162869/3034943/", "reference_type": "concepts", "id": 2046786, "last_resolved_at": "2023-04-24T23:02:47.312857Z", "uri": "/orgs/MSFOCG/collections/lime-demo/0.1/references/2046786/", "uuid": "2046786", "include": true, "type": "CollectionReference"}], "mappings": [{"external_id": "f6b7b615-0cfa-38c8-9fae-10ee44f30929", "retired": false, "map_type": "SAME-AS", "source": "CIEL", "owner": "CIEL", "owner_type": "Organization", "from_concept_code": "166852", "from_concept_name": null, "from_concept_url": "/orgs/CIEL/sources/CIEL/concepts/166852/", "to_concept_code": "166852", "to_concept_name": null, "to_concept_url": "/orgs/CIEL/sources/CIEL/concepts/166852/", "from_source_owner": "CIEL", "from_source_owner_type": "Organization", "from_source_url": "/orgs/CIEL/sources/CIEL/", "from_source_name": "CIEL", "to_source_owner": "CIEL", "to_source_owner_type": "Organization", "to_source_url": "/orgs/CIEL/sources/CIEL/", "to_source_name": "CIEL", "url": "/orgs/CIEL/sources/CIEL/mappings/1486143/", "version": "4904411", "id": "1486143", "versioned_object_id": 1486143, "versioned_object_url": "/orgs/CIEL/sources/CIEL/mappings/1486143/", "is_latest_version": true, "update_comment": null, "version_url": "/orgs/CIEL/sources/CIEL/mappings/1486143/4904411/", "uuid": "4904411", "version_created_on": "2023-04-05T09:55:16.501338Z", "from_source_version": null, "to_source_version": null, "from_concept_name_resolved": "Site of pain", "to_concept_name_resolved": "Site of pain", "extras": {}, "type": "Mapping", "sort_weight": null, "created_on": "2023-04-05T09:55:16.501338Z", "updated_on": "2023-04-05T09:55:16.505417Z", "created_by": "ocladmin", "updated_by": "ocladmin", "public_can_view": true}, {"external_id": "290131ABBBBBBBBBBBBBBBBBBBBBBBBBBBBB", "retired": false, "map_type": "NARROWER-THAN", "source": "CIEL", "owner": "CIEL", "owner_type": "Organization", "from_concept_code": "166852", "from_concept_name": null, "from_concept_url": "/orgs/CIEL/sources/CIEL/concepts/166852/", "to_concept_code": "406189006", "to_concept_name": null, "to_concept_url": null, "from_source_owner": "CIEL", "from_source_owner_type": "Organization", "from_source_url": "/orgs/CIEL/sources/CIEL/", "from_source_name": "CIEL", "to_source_owner": "IHTSDO", "to_source_owner_type": "Organization", "to_source_url": "/orgs/IHTSDO/sources/SNOMED-CT/", "to_source_name": "SNOMED-CT", "url": "/orgs/CIEL/sources/CIEL/mappings/1486132/", "version": "4904409", "id": "1486132", "versioned_object_id": 1486132, "versioned_object_url": "/orgs/CIEL/sources/CIEL/mappings/1486132/", "is_latest_version": true, "update_comment": null, "version_url": "/orgs/CIEL/sources/CIEL/mappings/1486132/4904409/", "uuid": "4904409", "version_created_on": "2023-04-05T09:55:16.402791Z", "from_source_version": null, "to_source_version": null, "from_concept_name_resolved": "Site of pain", "extras": {}, "type": "Mapping", "sort_weight": null, "created_on": "2023-04-05T09:55:16.402791Z", "updated_on": "2023-04-05T09:55:16.405824Z", "created_by": "ocladmin", "updated_by": "ocladmin", "public_can_view": true}, {"external_id": "cb21dc4e-fc7e-3e07-ab03-efceebf4d2ce", "retired": false, "map_type": "SAME-AS", "source": "CIEL", "owner": "CIEL", "owner_type": "Organization", "from_concept_code": "162869", "from_concept_name": null, "from_concept_url": "/orgs/CIEL/sources/CIEL/concepts/162869/", "to_concept_code": "162869", "to_concept_name": null, "to_concept_url": "/orgs/CIEL/sources/CIEL/concepts/162869/", "from_source_owner": "CIEL", "from_source_owner_type": "Organization", "from_source_url": "/orgs/CIEL/sources/CIEL/", "from_source_name": "CIEL", "to_source_owner": "CIEL", "to_source_owner_type": "Organization", "to_source_url": "/orgs/CIEL/sources/CIEL/", "to_source_name": "CIEL", "url": "/orgs/CIEL/sources/CIEL/mappings/1263736/", "version": "4879367", "id": "1263736", "versioned_object_id": 1263736, "versioned_object_url": "/orgs/CIEL/sources/CIEL/mappings/1263736/", "is_latest_version": true, "update_comment": null, "version_url": "/orgs/CIEL/sources/CIEL/mappings/1263736/4879367/", "uuid": "4879367", "version_created_on": "2023-04-05T09:10:37.223773Z", "from_source_version": null, "to_source_version": null, "from_concept_name_resolved": "Date/time recorded", "to_concept_name_resolved": "Date/time recorded", "extras": {}, "type": "Mapping", "sort_weight": null, "created_on": "2023-04-05T09:10:37.223773Z", "updated_on": "2023-04-05T09:10:37.230485Z", "created_by": "ocladmin", "updated_by": "ocladmin", "public_can_view": true}, {"external_id": "278506ABBBBBBBBBBBBBBBBBBBBBBBBBBBBB", "retired": false, "map_type": "NARROWER-THAN", "source": "CIEL", "owner": "CIEL", "owner_type": "Organization", "from_concept_code": "162869", "from_concept_name": null, "from_concept_url": "/orgs/CIEL/sources/CIEL/concepts/162869/", "to_concept_code": "364713004", "to_concept_name": null, "to_concept_url": null, "from_source_owner": "CIEL", "from_source_owner_type": "Organization", "from_source_url": "/orgs/CIEL/sources/CIEL/", "from_source_name": "CIEL", "to_source_owner": "IHTSDO", "to_source_owner_type": "Organization", "to_source_url": "/orgs/IHTSDO/sources/SNOMED-CT/", "to_source_name": "SNOMED-CT", "url": "/orgs/CIEL/sources/CIEL/mappings/331384/", "version": "4879365", "id": "331384", "versioned_object_id": 331384, "versioned_object_url": "/orgs/CIEL/sources/CIEL/mappings/331384/", "is_latest_version": true, "update_comment": null, "version_url": "/orgs/CIEL/sources/CIEL/mappings/331384/4879365/", "uuid": "4879365", "version_created_on": "2023-04-05T09:10:36.913329Z", "from_source_version": null, "to_source_version": null, "from_concept_name_resolved": "Date/time recorded", "extras": {}, "type": "Mapping", "sort_weight": null, "created_on": "2023-04-05T09:10:36.913329Z", "updated_on": "2023-04-05T09:10:36.988567Z", "created_by": "ocladmin", "updated_by": "ocladmin", "public_can_view": true}, {"external_id": "4823CCCCCCCCCCCCCCCCCCCCCCCCCCCCCCCC", "retired": false, "map_type": "Q-AND-A", "source": "CIEL", "owner": "CIEL", "owner_type": "Organization", "from_concept_code": "162084", "from_concept_name": null, "from_concept_url": "/orgs/CIEL/sources/CIEL/concepts/162084/", "to_concept_code": "162080", "to_concept_name": null, "to_concept_url": "/orgs/CIEL/sources/CIEL/concepts/162080/", "from_source_owner": "CIEL", "from_source_owner_type": "Organization", "from_source_url": "/orgs/CIEL/sources/CIEL/", "from_source_name": "CIEL", "to_source_owner": "CIEL", "to_source_owner_type": "Organization", "to_source_url": "/orgs/CIEL/sources/CIEL/", "to_source_name": "CIEL", "url": "/orgs/CIEL/sources/CIEL/mappings/306258/", "version": "4874328", "id": "306258", "versioned_object_id": 306258, "versioned_object_url": "/orgs/CIEL/sources/CIEL/mappings/306258/", "is_latest_version": true, "update_comment": null, "version_url": "/orgs/CIEL/sources/CIEL/mappings/306258/4874328/", "uuid": "4874328", "version_created_on": "2023-04-05T09:03:24.070632Z", "from_source_version": null, "to_source_version": null, "from_concept_name_resolved": "Test context status", "to_concept_name_resolved": "Initial", "extras": {"sort_weight": 4823}, "type": "Mapping", "sort_weight": 4823.0, "created_on": "2023-04-05T09:03:24.070632Z", "updated_on": "2023-04-05T09:03:24.083231Z", "created_by": "ocladmin", "updated_by": "ocladmin", "public_can_view": true}, {"external_id": "4822CCCCCCCCCCCCCCCCCCCCCCCCCCCCCCCC", "retired": false, "map_type": "Q-AND-A", "source": "CIEL", "owner": "CIEL", "owner_type": "Organization", "from_concept_code": "162084", "from_concept_name": null, "from_concept_url": "/orgs/CIEL/sources/CIEL/concepts/162084/", "to_concept_code": "162082", "to_concept_name": null, "to_concept_url": "/orgs/CIEL/sources/CIEL/concepts/162082/", "from_source_owner": "CIEL", "from_source_owner_type": "Organization", "from_source_url": "/orgs/CIEL/sources/CIEL/", "from_source_name": "CIEL", "to_source_owner": "CIEL", "to_source_owner_type": "Organization", "to_source_url": "/orgs/CIEL/sources/CIEL/", "to_source_name": "CIEL", "url": "/orgs/CIEL/sources/CIEL/mappings/322744/", "version": "4874326", "id": "322744", "versioned_object_id": 322744, "versioned_object_url": "/orgs/CIEL/sources/CIEL/mappings/322744/", "is_latest_version": true, "update_comment": null, "version_url": "/orgs/CIEL/sources/CIEL/mappings/322744/4874326/", "uuid": "4874326", "version_created_on": "2023-04-05T09:03:23.841792Z", "from_source_version": null, "to_source_version": null, "from_concept_name_resolved": "Test context status", "to_concept_name_resolved": "Confirmation", "extras": {"sort_weight": 4822}, "type": "Mapping", "sort_weight": 4822.0, "created_on": "2023-04-05T09:03:23.841792Z", "updated_on": "2023-04-05T09:03:23.850403Z", "created_by": "ocladmin", "updated_by": "ocladmin", "public_can_view": true}, {"external_id": "4821CCCCCCCCCCCCCCCCCCCCCCCCCCCCCCCC", "retired": false, "map_type": "Q-AND-A", "source": "CIEL", "owner": "CIEL", "owner_type": "Organization", "from_concept_code": "162084", "from_concept_name": null, "from_concept_url": "/orgs/CIEL/sources/CIEL/concepts/162084/", "to_concept_code": "162083", "to_concept_name": null, "to_concept_url": "/orgs/CIEL/sources/CIEL/concepts/162083/", "from_source_owner": "CIEL", "from_source_owner_type": "Organization", "from_source_url": "/orgs/CIEL/sources/CIEL/", "from_source_name": "CIEL", "to_source_owner": "CIEL", "to_source_owner_type": "Organization", "to_source_url": "/orgs/CIEL/sources/CIEL/", "to_source_name": "CIEL", "url": "/orgs/CIEL/sources/CIEL/mappings/329243/", "version": "4874325", "id": "329243", "versioned_object_id": 329243, "versioned_object_url": "/orgs/CIEL/sources/CIEL/mappings/329243/", "is_latest_version": true, "update_comment": null, "version_url": "/orgs/CIEL/sources/CIEL/mappings/329243/4874325/", "uuid": "4874325", "version_created_on": "2023-04-05T09:03:23.654795Z", "from_source_version": null, "to_source_version": null, "from_concept_name_resolved": "Test context status", "to_concept_name_resolved": "Final test (end of pediatric window)", "extras": {"sort_weight": 4821}, "type": "Mapping", "sort_weight": 4821.0, "created_on": "2023-04-05T09:03:23.654795Z", "updated_on": "2023-04-05T09:03:23.659974Z", "created_by": "ocladmin", "updated_by": "ocladmin", "public_can_view": true}, {"external_id": "4820CCCCCCCCCCCCCCCCCCCCCCCCCCCCCCCC", "retired": false, "map_type": "Q-AND-A", "source": "CIEL", "owner": "CIEL", "owner_type": "Organization", "from_concept_code": "162084", "from_concept_name": null, "from_concept_url": "/orgs/CIEL/sources/CIEL/concepts/162084/", "to_concept_code": "162081", "to_concept_name": null, "to_concept_url": "/orgs/CIEL/sources/CIEL/concepts/162081/", "from_source_owner": "CIEL", "from_source_owner_type": "Organization", "from_source_url": "/orgs/CIEL/sources/CIEL/", "from_source_name": "CIEL", "to_source_owner": "CIEL", "to_source_owner_type": "Organization", "to_source_url": "/orgs/CIEL/sources/CIEL/", "to_source_name": "CIEL", "url": "/orgs/CIEL/sources/CIEL/mappings/310829/", "version": "4874323", "id": "310829", "versioned_object_id": 310829, "versioned_object_url": "/orgs/CIEL/sources/CIEL/mappings/310829/", "is_latest_version": true, "update_comment": null, "version_url": "/orgs/CIEL/sources/CIEL/mappings/310829/4874323/", "uuid": "4874323", "version_created_on": "2023-04-05T09:03:23.489484Z", "from_source_version": null, "to_source_version": null, "from_concept_name_resolved": "Test context status", "to_concept_name_resolved": "Repeat", "extras": {"sort_weight": 4820}, "type": "Mapping", "sort_weight": 4820.0, "created_on": "2023-04-05T09:03:23.489484Z", "updated_on": "2023-04-05T09:03:23.498465Z", "created_by": "ocladmin", "updated_by": "ocladmin", "public_can_view": true}, {"external_id": "a68cd6b7-8f75-312b-9a55-025330c142d4", "retired": false, "map_type": "SAME-AS", "source": "CIEL", "owner": "CIEL", "owner_type": "Organization", "from_concept_code": "162084", "from_concept_name": null, "from_concept_url": "/orgs/CIEL/sources/CIEL/concepts/162084/", "to_concept_code": "162084", "to_concept_name": null, "to_concept_url": "/orgs/CIEL/sources/CIEL/concepts/162084/", "from_source_owner": "CIEL", "from_source_owner_type": "Organization", "from_source_url": "/orgs/CIEL/sources/CIEL/", "from_source_name": "CIEL", "to_source_owner": "CIEL", "to_source_owner_type": "Organization", "to_source_url": "/orgs/CIEL/sources/CIEL/", "to_source_name": "CIEL", "url": "/orgs/CIEL/sources/CIEL/mappings/1260395/", "version": "4874321", "id": "1260395", "versioned_object_id": 1260395, "versioned_object_url": "/orgs/CIEL/sources/CIEL/mappings/1260395/", "is_latest_version": true, "update_comment": null, "version_url": "/orgs/CIEL/sources/CIEL/mappings/1260395/4874321/", "uuid": "4874321", "version_created_on": "2023-04-05T09:03:23.360590Z", "from_source_version": null, "to_source_version": null, "from_concept_name_resolved": "Test context status", "to_concept_name_resolved": "Test context status", "extras": {}, "type": "Mapping", "sort_weight": null, "created_on": "2023-04-05T09:03:23.360590Z", "updated_on": "2023-04-05T09:03:23.363867Z", "created_by": "ocladmin", "updated_by": "ocladmin", "public_can_view": true}, {"external_id": "b943b3ce-03ef-356d-885d-1bc1391f3979", "retired": false, "map_type": "SAME-AS", "source": "CIEL", "owner": "CIEL", "owner_type": "Organization", "from_concept_code": "162083", "from_concept_name": null, "from_concept_url": "/orgs/CIEL/sources/CIEL/concepts/162083/", "to_concept_code": "162083", "to_concept_name": null, "to_concept_url": "/orgs/CIEL/sources/CIEL/concepts/162083/", "from_source_owner": "CIEL", "from_source_owner_type": "Organization", "from_source_url": "/orgs/CIEL/sources/CIEL/", "from_source_name": "CIEL", "to_source_owner": "CIEL", "to_source_owner_type": "Organization", "to_source_url": "/orgs/CIEL/sources/CIEL/", "to_source_name": "CIEL", "url": "/orgs/CIEL/sources/CIEL/mappings/1260441/", "version": "4874318", "id": "1260441", "versioned_object_id": 1260441, "versioned_object_url": "/orgs/CIEL/sources/CIEL/mappings/1260441/", "is_latest_version": true, "update_comment": null, "version_url": "/orgs/CIEL/sources/CIEL/mappings/1260441/4874318/", "uuid": "4874318", "version_created_on": "2023-04-05T09:03:23.222205Z", "from_source_version": null, "to_source_version": null, "from_concept_name_resolved": "Final test (end of pediatric window)", "to_concept_name_resolved": "Final test (end of pediatric window)", "extras": {}, "type": "Mapping", "sort_weight": null, "created_on": "2023-04-05T09:03:23.222205Z", "updated_on": "2023-04-05T09:03:23.227129Z", "created_by": "ocladmin", "updated_by": "ocladmin", "public_can_view": true}, {"external_id": "bf93e3b3-ebdd-31f0-b4ec-3ac4d78b8cc6", "retired": false, "map_type": "SAME-AS", "source": "CIEL", "owner": "CIEL", "owner_type": "Organization", "from_concept_code": "162082", "from_concept_name": null, "from_concept_url": "/orgs/CIEL/sources/CIEL/concepts/162082/", "to_concept_code": "162082", "to_concept_name": null, "to_concept_url": "/orgs/CIEL/sources/CIEL/concepts/162082/", "from_source_owner": "CIEL", "from_source_owner_type": "Organization", "from_source_url": "/orgs/CIEL/sources/CIEL/", "from_source_name": "CIEL", "to_source_owner": "CIEL", "to_source_owner_type": "Organization", "to_source_url": "/orgs/CIEL/sources/CIEL/", "to_source_name": "CIEL", "url": "/orgs/CIEL/sources/CIEL/mappings/1260391/", "version": "4874317", "id": "1260391", "versioned_object_id": 1260391, "versioned_object_url": "/orgs/CIEL/sources/CIEL/mappings/1260391/", "is_latest_version": true, "update_comment": null, "version_url": "/orgs/CIEL/sources/CIEL/mappings/1260391/4874317/", "uuid": "4874317", "version_created_on": "2023-04-05T09:03:23.112368Z", "from_source_version": null, "to_source_version": null, "from_concept_name_resolved": "Confirmation", "to_concept_name_resolved": "Confirmation", "extras": {}, "type": "Mapping", "sort_weight": null, "created_on": "2023-04-05T09:03:23.112368Z", "updated_on": "2023-04-05T09:03:23.115645Z", "created_by": "ocladmin", "updated_by": "ocladmin", "public_can_view": true}, {"external_id": "237044ABBBBBBBBBBBBBBBBBBBBBBBBBBBBB", "retired": false, "map_type": "SAME-AS", "source": "CIEL", "owner": "CIEL", "owner_type": "Organization", "from_concept_code": "162082", "from_concept_name": null, "from_concept_url": "/orgs/CIEL/sources/CIEL/concepts/162082/", "to_concept_code": "74996004", "to_concept_name": null, "to_concept_url": null, "from_source_owner": "CIEL", "from_source_owner_type": "Organization", "from_source_url": "/orgs/CIEL/sources/CIEL/", "from_source_name": "CIEL", "to_source_owner": "IHTSDO", "to_source_owner_type": "Organization", "to_source_url": "/orgs/IHTSDO/sources/SNOMED-CT/", "to_source_name": "SNOMED-CT", "url": "/orgs/CIEL/sources/CIEL/mappings/324607/", "version": "4874315", "id": "324607", "versioned_object_id": 324607, "versioned_object_url": "/orgs/CIEL/sources/CIEL/mappings/324607/", "is_latest_version": true, "update_comment": null, "version_url": "/orgs/CIEL/sources/CIEL/mappings/324607/4874315/", "uuid": "4874315", "version_created_on": "2023-04-05T09:03:23.003482Z", "from_source_version": null, "to_source_version": null, "from_concept_name_resolved": "Confirmation", "extras": {}, "type": "Mapping", "sort_weight": null, "created_on": "2023-04-05T09:03:23.003482Z", "updated_on": "2023-04-05T09:03:23.008053Z", "created_by": "ocladmin", "updated_by": "ocladmin", "public_can_view": true}, {"external_id": "68f5ef84-85dd-350e-ab63-1054c9812627", "retired": false, "map_type": "SAME-AS", "source": "CIEL", "owner": "CIEL", "owner_type": "Organization", "from_concept_code": "162081", "from_concept_name": null, "from_concept_url": "/orgs/CIEL/sources/CIEL/concepts/162081/", "to_concept_code": "162081", "to_concept_name": null, "to_concept_url": "/orgs/CIEL/sources/CIEL/concepts/162081/", "from_source_owner": "CIEL", "from_source_owner_type": "Organization", "from_source_url": "/orgs/CIEL/sources/CIEL/", "from_source_name": "CIEL", "to_source_owner": "CIEL", "to_source_owner_type": "Organization", "to_source_url": "/orgs/CIEL/sources/CIEL/", "to_source_name": "CIEL", "url": "/orgs/CIEL/sources/CIEL/mappings/1260388/", "version": "4874313", "id": "1260388", "versioned_object_id": 1260388, "versioned_object_url": "/orgs/CIEL/sources/CIEL/mappings/1260388/", "is_latest_version": true, "update_comment": null, "version_url": "/orgs/CIEL/sources/CIEL/mappings/1260388/4874313/", "uuid": "4874313", "version_created_on": "2023-04-05T09:03:22.887261Z", "from_source_version": null, "to_source_version": null, "from_concept_name_resolved": "Repeat", "to_concept_name_resolved": "Repeat", "extras": {}, "type": "Mapping", "sort_weight": null, "created_on": "2023-04-05T09:03:22.887261Z", "updated_on": "2023-04-05T09:03:22.890692Z", "created_by": "ocladmin", "updated_by": "ocladmin", "public_can_view": true}, {"external_id": "237042ABBBBBBBBBBBBBBBBBBBBBBBBBBBBB", "retired": false, "map_type": "SAME-AS", "source": "CIEL", "owner": "CIEL", "owner_type": "Organization", "from_concept_code": "162081", "from_concept_name": null, "from_concept_url": "/orgs/CIEL/sources/CIEL/concepts/162081/", "to_concept_code": "27582007", "to_concept_name": null, "to_concept_url": null, "from_source_owner": "CIEL", "from_source_owner_type": "Organization", "from_source_url": "/orgs/CIEL/sources/CIEL/", "from_source_name": "CIEL", "to_source_owner": "IHTSDO", "to_source_owner_type": "Organization", "to_source_url": "/orgs/IHTSDO/sources/SNOMED-CT/", "to_source_name": "SNOMED-CT", "url": "/orgs/CIEL/sources/CIEL/mappings/313400/", "version": "4874311", "id": "313400", "versioned_object_id": 313400, "versioned_object_url": "/orgs/CIEL/sources/CIEL/mappings/313400/", "is_latest_version": true, "update_comment": null, "version_url": "/orgs/CIEL/sources/CIEL/mappings/313400/4874311/", "uuid": "4874311", "version_created_on": "2023-04-05T09:03:22.756505Z", "from_source_version": null, "to_source_version": null, "from_concept_name_resolved": "Repeat", "extras": {}, "type": "Mapping", "sort_weight": null, "created_on": "2023-04-05T09:03:22.756505Z", "updated_on": "2023-04-05T09:03:22.763544Z", "created_by": "ocladmin", "updated_by": "ocladmin", "public_can_view": true}, {"external_id": "608e5f81-e19e-3b9f-9774-9fa33ea20200", "retired": false, "map_type": "SAME-AS", "source": "CIEL", "owner": "CIEL", "owner_type": "Organization", "from_concept_code": "162080", "from_concept_name": null, "from_concept_url": "/orgs/CIEL/sources/CIEL/concepts/162080/", "to_concept_code": "162080", "to_concept_name": null, "to_concept_url": "/orgs/CIEL/sources/CIEL/concepts/162080/", "from_source_owner": "CIEL", "from_source_owner_type": "Organization", "from_source_url": "/orgs/CIEL/sources/CIEL/", "from_source_name": "CIEL", "to_source_owner": "CIEL", "to_source_owner_type": "Organization", "to_source_url": "/orgs/CIEL/sources/CIEL/", "to_source_name": "CIEL", "url": "/orgs/CIEL/sources/CIEL/mappings/1260384/", "version": "4874309", "id": "1260384", "versioned_object_id": 1260384, "versioned_object_url": "/orgs/CIEL/sources/CIEL/mappings/1260384/", "is_latest_version": true, "update_comment": null, "version_url": "/orgs/CIEL/sources/CIEL/mappings/1260384/4874309/", "uuid": "4874309", "version_created_on": "2023-04-05T09:03:22.618001Z", "from_source_version": null, "to_source_version": null, "from_concept_name_resolved": "Initial", "to_concept_name_resolved": "Initial", "extras": {}, "type": "Mapping", "sort_weight": null, "created_on": "2023-04-05T09:03:22.618001Z", "updated_on": "2023-04-05T09:03:22.621475Z", "created_by": "ocladmin", "updated_by": "ocladmin", "public_can_view": true}, {"external_id": "237040ABBBBBBBBBBBBBBBBBBBBBBBBBBBBB", "retired": false, "map_type": "SAME-AS", "source": "CIEL", "owner": "CIEL", "owner_type": "Organization", "from_concept_code": "162080", "from_concept_name": null, "from_concept_url": "/orgs/CIEL/sources/CIEL/concepts/162080/", "to_concept_code": "272127001", "to_concept_name": null, "to_concept_url": null, "from_source_owner": "CIEL", "from_source_owner_type": "Organization", "from_source_url": "/orgs/CIEL/sources/CIEL/", "from_source_name": "CIEL", "to_source_owner": "IHTSDO", "to_source_owner_type": "Organization", "to_source_url": "/orgs/IHTSDO/sources/SNOMED-CT/", "to_source_name": "SNOMED-CT", "url": "/orgs/CIEL/sources/CIEL/mappings/322974/", "version": "4874307", "id": "322974", "versioned_object_id": 322974, "versioned_object_url": "/orgs/CIEL/sources/CIEL/mappings/322974/", "is_latest_version": true, "update_comment": null, "version_url": "/orgs/CIEL/sources/CIEL/mappings/322974/4874307/", "uuid": "4874307", "version_created_on": "2023-04-05T09:03:22.505569Z", "from_source_version": null, "to_source_version": null, "from_concept_name_resolved": "Initial", "extras": {}, "type": "Mapping", "sort_weight": null, "created_on": "2023-04-05T09:03:22.505569Z", "updated_on": "2023-04-05T09:03:22.513303Z", "created_by": "ocladmin", "updated_by": "ocladmin", "public_can_view": true}, {"external_id": "269429ABBBBBBBBBBBBBBBBBBBBBBBBBBBBB", "retired": false, "map_type": "SAME-AS", "source": "CIEL", "owner": "CIEL", "owner_type": "Organization", "from_concept_code": "110598", "from_concept_name": null, "from_concept_url": "/orgs/CIEL/sources/CIEL/concepts/110598/", "to_concept_code": "526320", "to_concept_name": null, "to_concept_url": null, "from_source_owner": "CIEL", "from_source_owner_type": "Organization", "from_source_url": "/orgs/CIEL/sources/CIEL/", "from_source_name": "CIEL", "to_source_owner": "IMO", "to_source_owner_type": "Organization", "to_source_url": "/orgs/IMO/sources/IMO-ProblemIT/", "to_source_name": "IMO-ProblemIT", "url": "/orgs/CIEL/sources/CIEL/mappings/37914/", "version": "4745897", "id": "37914", "versioned_object_id": 37914, "versioned_object_url": "/orgs/CIEL/sources/CIEL/mappings/37914/", "is_latest_version": true, "update_comment": null, "version_url": "/orgs/CIEL/sources/CIEL/mappings/37914/4745897/", "uuid": "4745897", "version_created_on": "2023-04-05T05:18:00.990992Z", "from_source_version": null, "to_source_version": null, "from_concept_name_resolved": "Acute pain", "extras": {}, "type": "Mapping", "sort_weight": null, "created_on": "2023-04-05T05:18:00.990992Z", "updated_on": "2023-04-05T05:18:00.998593Z", "created_by": "ocladmin", "updated_by": "ocladmin", "public_can_view": true}, {"external_id": "d2367d3e-fd20-3557-84e6-a5f52b3e1546", "retired": false, "map_type": "SAME-AS", "source": "CIEL", "owner": "CIEL", "owner_type": "Organization", "from_concept_code": "110598", "from_concept_name": null, "from_concept_url": "/orgs/CIEL/sources/CIEL/concepts/110598/", "to_concept_code": "110598", "to_concept_name": null, "to_concept_url": "/orgs/CIEL/sources/CIEL/concepts/110598/", "from_source_owner": "CIEL", "from_source_owner_type": "Organization", "from_source_url": "/orgs/CIEL/sources/CIEL/", "from_source_name": "CIEL", "to_source_owner": "CIEL", "to_source_owner_type": "Organization", "to_source_url": "/orgs/CIEL/sources/CIEL/", "to_source_name": "CIEL", "url": "/orgs/CIEL/sources/CIEL/mappings/1044327/", "version": "4745895", "id": "1044327", "versioned_object_id": 1044327, "versioned_object_url": "/orgs/CIEL/sources/CIEL/mappings/1044327/", "is_latest_version": true, "update_comment": null, "version_url": "/orgs/CIEL/sources/CIEL/mappings/1044327/4745895/", "uuid": "4745895", "version_created_on": "2023-04-05T05:18:00.803970Z", "from_source_version": null, "to_source_version": null, "from_concept_name_resolved": "Acute pain", "to_concept_name_resolved": "Acute pain", "extras": {}, "type": "Mapping", "sort_weight": null, "created_on": "2023-04-05T05:18:00.803970Z", "updated_on": "2023-04-05T05:18:00.807689Z", "created_by": "ocladmin", "updated_by": "ocladmin", "public_can_view": true}, {"external_id": "169526ABBBBBBBBBBBBBBBBBBBBBBBBBBBBB", "retired": false, "map_type": "SAME-AS", "source": "CIEL", "owner": "CIEL", "owner_type": "Organization", "from_concept_code": "110598", "from_concept_name": null, "from_concept_url": "/orgs/CIEL/sources/CIEL/concepts/110598/", "to_concept_code": "A01", "to_concept_name": null, "to_concept_url": null, "from_source_owner": "CIEL", "from_source_owner_type": "Organization", "from_source_url": "/orgs/CIEL/sources/CIEL/", "from_source_name": "CIEL", "to_source_owner": "WICC", "to_source_owner_type": "Organization", "to_source_url": "/orgs/WICC/sources/ICPC2/", "to_source_name": "ICPC2", "url": "/orgs/CIEL/sources/CIEL/mappings/43441/", "version": "4745893", "id": "43441", "versioned_object_id": 43441, "versioned_object_url": "/orgs/CIEL/sources/CIEL/mappings/43441/", "is_latest_version": true, "update_comment": null, "version_url": "/orgs/CIEL/sources/CIEL/mappings/43441/4745893/", "uuid": "4745893", "version_created_on": "2023-04-05T05:18:00.643007Z", "from_source_version": null, "to_source_version": null, "from_concept_name_resolved": "Acute pain", "extras": {}, "type": "Mapping", "sort_weight": null, "created_on": "2023-04-05T05:18:00.643007Z", "updated_on": "2023-04-05T05:18:00.650978Z", "created_by": "ocladmin", "updated_by": "ocladmin", "public_can_view": true}, {"external_id": "157766ABBBBBBBBBBBBBBBBBBBBBBBBBBBBB", "retired": false, "map_type": "SAME-AS", "source": "CIEL", "owner": "CIEL", "owner_type": "Organization", "from_concept_code": "110598", "from_concept_name": null, "from_concept_url": "/orgs/CIEL/sources/CIEL/concepts/110598/", "to_concept_code": "10112164", "to_concept_name": null, "to_concept_url": null, "from_source_owner": "CIEL", "from_source_owner_type": "Organization", "from_source_url": "/orgs/CIEL/sources/CIEL/", "from_source_name": "CIEL", "to_source_owner": "3BT", "to_source_owner_type": "Organization", "to_source_url": "/orgs/3BT/sources/3BT/", "to_source_name": "3BT", "url": "/orgs/CIEL/sources/CIEL/mappings/45251/", "version": "4745891", "id": "45251", "versioned_object_id": 45251, "versioned_object_url": "/orgs/CIEL/sources/CIEL/mappings/45251/", "is_latest_version": true, "update_comment": null, "version_url": "/orgs/CIEL/sources/CIEL/mappings/45251/4745891/", "uuid": "4745891", "version_created_on": "2023-04-05T05:18:00.408857Z", "from_source_version": null, "to_source_version": null, "from_concept_name_resolved": "Acute pain", "extras": {}, "type": "Mapping", "sort_weight": null, "created_on": "2023-04-05T05:18:00.408857Z", "updated_on": "2023-04-05T05:18:00.416272Z", "created_by": "ocladmin", "updated_by": "ocladmin", "public_can_view": true}, {"external_id": "143807ABBBBBBBBBBBBBBBBBBBBBBBBBBBBB", "retired": false, "map_type": "SAME-AS", "source": "CIEL", "owner": "CIEL", "owner_type": "Organization", "from_concept_code": "110598", "from_concept_name": null, "from_concept_url": "/orgs/CIEL/sources/CIEL/concepts/110598/", "to_concept_code": "7099", "to_concept_name": null, "to_concept_url": null, "from_source_owner": "CIEL", "from_source_owner_type": "Organization", "from_source_url": "/orgs/CIEL/sources/CIEL/", "from_source_name": "CIEL", "to_source_owner": "PIH", "to_source_owner_type": "Organization", "to_source_url": "/orgs/PIH/sources/PIH/", "to_source_name": "PIH", "url": "/orgs/CIEL/sources/CIEL/mappings/46092/", "version": "4745889", "id": "46092", "versioned_object_id": 46092, "versioned_object_url": "/orgs/CIEL/sources/CIEL/mappings/46092/", "is_latest_version": true, "update_comment": null, "version_url": "/orgs/CIEL/sources/CIEL/mappings/46092/4745889/", "uuid": "4745889", "version_created_on": "2023-04-05T05:18:00.243254Z", "from_source_version": null, "to_source_version": null, "from_concept_name_resolved": "Acute pain", "extras": {}, "type": "Mapping", "sort_weight": null, "created_on": "2023-04-05T05:18:00.243254Z", "updated_on": "2023-04-05T05:18:00.254302Z", "created_by": "ocladmin", "updated_by": "ocladmin", "public_can_view": true}, {"external_id": "88451ABBBBBBBBBBBBBBBBBBBBBBBBBBBBBB", "retired": false, "map_type": "SAME-AS", "source": "CIEL", "owner": "CIEL", "owner_type": "Organization", "from_concept_code": "110598", "from_concept_name": null, "from_concept_url": "/orgs/CIEL/sources/CIEL/concepts/110598/", "to_concept_code": "R52.0", "to_concept_name": null, "to_concept_url": "/orgs/WHO/sources/ICD-10-WHO/concepts/R52.0/", "from_source_owner": "CIEL", "from_source_owner_type": "Organization", "from_source_url": "/orgs/CIEL/sources/CIEL/", "from_source_name": "CIEL", "to_source_owner": "WHO", "to_source_owner_type": "Organization", "to_source_url": "/orgs/WHO/sources/ICD-10-WHO/", "to_source_name": "ICD-10-WHO", "url": "/orgs/CIEL/sources/CIEL/mappings/46165/", "version": "4745887", "id": "46165", "versioned_object_id": 46165, "versioned_object_url": "/orgs/CIEL/sources/CIEL/mappings/46165/", "is_latest_version": true, "update_comment": null, "version_url": "/orgs/CIEL/sources/CIEL/mappings/46165/4745887/", "uuid": "4745887", "version_created_on": "2023-04-05T05:17:59.959304Z", "from_source_version": null, "to_source_version": null, "from_concept_name_resolved": "Acute pain", "to_concept_name_resolved": "Acute pain", "extras": {}, "type": "Mapping", "sort_weight": null, "created_on": "2023-04-05T05:17:59.959304Z", "updated_on": "2023-04-05T05:17:59.967147Z", "created_by": "ocladmin", "updated_by": "ocladmin", "public_can_view": true}, {"external_id": "38271ABBBBBBBBBBBBBBBBBBBBBBBBBBBBBB", "retired": false, "map_type": "SAME-AS", "source": "CIEL", "owner": "CIEL", "owner_type": "Organization", "from_concept_code": "110598", "from_concept_name": null, "from_concept_url": "/orgs/CIEL/sources/CIEL/concepts/110598/", "to_concept_code": "274663001", "to_concept_name": null, "to_concept_url": null, "from_source_owner": "CIEL", "from_source_owner_type": "Organization", "from_source_url": "/orgs/CIEL/sources/CIEL/", "from_source_name": "CIEL", "to_source_owner": "IHTSDO", "to_source_owner_type": "Organization", "to_source_url": "/orgs/IHTSDO/sources/SNOMED-CT/", "to_source_name": "SNOMED-CT", "url": "/orgs/CIEL/sources/CIEL/mappings/37509/", "version": "4745885", "id": "37509", "versioned_object_id": 37509, "versioned_object_url": "/orgs/CIEL/sources/CIEL/mappings/37509/", "is_latest_version": true, "update_comment": null, "version_url": "/orgs/CIEL/sources/CIEL/mappings/37509/4745885/", "uuid": "4745885", "version_created_on": "2023-04-05T05:17:59.723532Z", "from_source_version": null, "to_source_version": null, "from_concept_name_resolved": "Acute pain", "extras": {}, "type": "Mapping", "sort_weight": null, "created_on": "2023-04-05T05:17:59.723532Z", "updated_on": "2023-04-05T05:17:59.746482Z", "created_by": "ocladmin", "updated_by": "ocladmin", "public_can_view": true}, {"external_id": "861860ab-6044-3795-8b3d-6e31940d84db", "retired": false, "map_type": "SAME-AS", "source": "CIEL", "owner": "CIEL", "owner_type": "Organization", "from_concept_code": "1869", "from_concept_name": null, "from_concept_url": "/orgs/CIEL/sources/CIEL/concepts/1869/", "to_concept_code": "1869", "to_concept_name": null, "to_concept_url": "/orgs/CIEL/sources/CIEL/concepts/1869/", "from_source_owner": "CIEL", "from_source_owner_type": "Organization", "from_source_url": "/orgs/CIEL/sources/CIEL/", "from_source_name": "CIEL", "to_source_owner": "CIEL", "to_source_owner_type": "Organization", "to_source_url": "/orgs/CIEL/sources/CIEL/", "to_source_name": "CIEL", "url": "/orgs/CIEL/sources/CIEL/mappings/1012969/", "version": "4699132", "id": "1012969", "versioned_object_id": 1012969, "versioned_object_url": "/orgs/CIEL/sources/CIEL/mappings/1012969/", "is_latest_version": true, "update_comment": null, "version_url": "/orgs/CIEL/sources/CIEL/mappings/1012969/4699132/", "uuid": "4699132", "version_created_on": "2023-04-05T03:59:01.284826Z", "from_source_version": null, "to_source_version": null, "from_concept_name_resolved": "Sign/symptoms onset (quantitative)", "to_concept_name_resolved": "Sign/symptoms onset (quantitative)", "extras": {}, "type": "Mapping", "sort_weight": null, "created_on": "2023-04-05T03:59:01.284826Z", "updated_on": "2023-04-05T03:59:01.288578Z", "created_by": "ocladmin", "updated_by": "ocladmin", "public_can_view": true}, {"external_id": "141607ABBBBBBBBBBBBBBBBBBBBBBBBBBBBB", "retired": false, "map_type": "SAME-AS", "source": "CIEL", "owner": "CIEL", "owner_type": "Organization", "from_concept_code": "1869", "from_concept_name": null, "from_concept_url": "/orgs/CIEL/sources/CIEL/concepts/1869/", "to_concept_code": "18691000105009", "to_concept_name": null, "to_concept_url": null, "from_source_owner": "CIEL", "from_source_owner_type": "Organization", "from_source_url": "/orgs/CIEL/sources/CIEL/", "from_source_name": "CIEL", "to_source_owner": "CIEL", "to_source_owner_type": "Organization", "to_source_url": "/orgs/CIEL/sources/SNOMED-MVP/", "to_source_name": "SNOMED-MVP", "url": "/orgs/CIEL/sources/CIEL/mappings/9713/", "version": "4699130", "id": "9713", "versioned_object_id": 9713, "versioned_object_url": "/orgs/CIEL/sources/CIEL/mappings/9713/", "is_latest_version": true, "update_comment": null, "version_url": "/orgs/CIEL/sources/CIEL/mappings/9713/4699130/", "uuid": "4699130", "version_created_on": "2023-04-05T03:59:01.127221Z", "from_source_version": null, "to_source_version": null, "from_concept_name_resolved": "Sign/symptoms onset (quantitative)", "extras": {}, "type": "Mapping", "sort_weight": null, "created_on": "2023-04-05T03:59:01.127221Z", "updated_on": "2023-04-05T03:59:01.137493Z", "created_by": "ocladmin", "updated_by": "ocladmin", "public_can_view": true}, {"external_id": "137615ABBBBBBBBBBBBBBBBBBBBBBBBBBBBB", "retired": false, "map_type": "NARROWER-THAN", "source": "CIEL", "owner": "CIEL", "owner_type": "Organization", "from_concept_code": "1869", "from_concept_name": null, "from_concept_url": "/orgs/CIEL/sources/CIEL/concepts/1869/", "to_concept_code": "217315002", "to_concept_name": null, "to_concept_url": null, "from_source_owner": "CIEL", "from_source_owner_type": "Organization", "from_source_url": "/orgs/CIEL/sources/CIEL/", "from_source_name": "CIEL", "to_source_owner": "IHTSDO", "to_source_owner_type": "Organization", "to_source_url": "/orgs/IHTSDO/sources/SNOMED-CT/", "to_source_name": "SNOMED-CT", "url": "/orgs/CIEL/sources/CIEL/mappings/10767/", "version": "4699128", "id": "10767", "versioned_object_id": 10767, "versioned_object_url": "/orgs/CIEL/sources/CIEL/mappings/10767/", "is_latest_version": true, "update_comment": null, "version_url": "/orgs/CIEL/sources/CIEL/mappings/10767/4699128/", "uuid": "4699128", "version_created_on": "2023-04-05T03:59:00.993894Z", "from_source_version": null, "to_source_version": null, "from_concept_name_resolved": "Sign/symptoms onset (quantitative)", "extras": {}, "type": "Mapping", "sort_weight": null, "created_on": "2023-04-05T03:59:00.993894Z", "updated_on": "2023-04-05T03:59:01.003005Z", "created_by": "ocladmin", "updated_by": "ocladmin", "public_can_view": true}]}